id;system_id;user_id;service_id;command_code;info;receive_time;is_pause;chanel;next_charge_date;last_charge_date;price;off_time;off_reason;type_register
1;mobile Fish;Home Loan Accou;Trace;Savings Account alarm;Tasty Metal Bacon;red Chips Soap;30424;Albania web-rea;2019-10-30T20:35:49;2019-10-30T14:59:31;61185;Steel zero administration;Multi-channelled Lic;grey Cambridgeshire
2;Canyon HDD;Table Small Fro;envisioneer Mus;infomediaries;Investment Account;Games Regional Digitized;66252;hardware Costa ;2019-10-30T23:09:00;2019-10-31T02:50:06;96958;connect Markets Chief;capacitor archive;sky blue Tasty Plast
3;compress South ;compelling miss;bifurcated scal;Small;deliverables reinvent 24 hour;overriding;70685;application qua;2019-10-31T00:48:20;2019-10-30T05:37:40;86310;Investment Account archive Fantasti;payment;withdrawal COM
4;embrace Develop;synthesize Idah;Sleek Metal Tab;Intelligent Outdoors;Harbor Montana;Corporate Phased relationships;75555;User-centric;2019-10-31T01:44:20;2019-10-30T13:12:50;28975;Salad Web virtual;Refined Squares;maroon
5;EXE projection ;support Gorgeou;withdrawal;copying;ability Hat Iraq;magenta Concrete;33761;Directives;2019-10-30T19:49:47;2019-10-30T22:20:10;51879;Kenyan Shilling robust;Versatile Exclusive ;capability zero tole
6;Analyst paradig;encompassing;deposit Canadia;Designer Persistent;Handmade 24/7 Re-contextualized;web-enabled invoice withdrawal;53577;Licensed hackin;2019-10-30T23:06:36;2019-10-30T10:53:14;4077;Kentucky Algerian Dinar Clothing;open-source turn-key;Sausages
7;disintermediate;bricks-and-clic;Fiji Dollar Pro;Macao Equatorial Guinea Vision-oriented;Agent;Human deposit;33902;cross-media;2019-10-30T10:09:50;2019-10-30T07:16:01;89711;AI optical invoice;Marketing;Dynamic Home Loan Ac
8;Branding;Home Gloves Lat;Ports Manager F;Networked;Fish;payment calculating;65761;Nevada;2019-10-31T01:20:18;2019-10-30T15:22:30;36771;dedicated Persevering;Coordinator Cambridg;cross-platform Borde
9;Libyan Dinar CS;sensor;Alaska;deposit Chips Applications;uniform PCI back up;Tactics architectures Planner;96361;SDD disintermed;2019-10-30T07:09:34;2019-10-30T21:08:35;31692;Pants Maryland;calculating Intranet;Director Concrete Be
10;portal calculat;real-time discr;Synergistic Per;Borders;olive Handcrafted Cotton Bacon Unbranded Fresh Pan;incubate;9398;North Dakota Ga;2019-10-30T16:24:44;2019-10-30T23:51:56;54264;stable Utah Computers;Licensed Plastic Pan;Plastic South Georgi
